boro_ct2010,Fair,Good,Poor,Dead,Stump
1000201,11,46,9,4,0
1000202,39,162,9,6,1
1000600,31,126,11,13,6
1000700,57,59,14,8,6
1000800,52,217,12,7,0
1000900,17,62,3,0,1
1001001,4,14,3,1,2
1001002,11,32,7,6,0
1001200,17,79,8,7,0
1001300,11,77,0,6,0
1001401,14,67,0,2,1
1001402,46,65,12,5,0
1001501,33,116,12,0,5
1001502,11,41,3,1,0
1001600,45,212,12,14,5
1001800,41,253,7,7,2
1002000,3,19,1,2,4
1002100,33,184,11,7,0
1002201,14,87,11,7,1
1002202,9,101,3,3,0
1002400,13,32,3,2,1
1002500,6,34,2,1,0
1002601,36,150,10,7,4
1002602,61,191,7,2,0
1002700,28,39,1,6,3
1002800,50,206,15,4,7
1002900,15,51,4,3,4
1003001,37,177,11,8,1
1003002,15,57,21,7,1
1003100,22,58,12,3,1
1003200,54,194,12,4,10
1003300,32,96,15,8,8
1003400,46,245,14,2,6
1003601,25,119,2,3,2
1003602,24,125,5,4,2
1003700,146,307,22,11,13
1003800,47,250,25,10,6
1003900,116,336,28,16,8
1004000,49,235,16,7,7
1004100,10,71,3,1,1
1004200,19,48,11,2,1
1004300,34,165,11,13,7
1004400,9,244,2,1,3
1004500,3,22,0,0,1
1004700,29,94,21,8,1
1004800,36,211,6,5,13
1004900,23,197,9,2,6
1005000,49,284,22,5,7
1005200,11,70,5,4,0
1005400,7,89,2,5,2
1005501,29,63,5,4,0
1005502,21,80,9,1,0
1005600,10,141,5,19,3
1005700,10,22,0,0,0
1005800,3,65,1,3,1
1005900,46,118,9,2,1
1006000,17,150,6,2,3
1006100,63,87,4,2,3
1006200,14,22,11,7,7
1006300,33,226,8,3,4
1006400,48,215,13,5,5
1006500,132,177,30,8,3
1006600,50,233,14,8,2
1006700,87,281,18,9,2
1006800,38,162,3,2,5
1006900,38,196,17,12,2
1007000,85,164,23,10,6
1007100,66,182,24,7,5
1007200,85,173,20,3,7
1007300,114,296,23,8,3
1007400,31,78,8,4,3
1007500,45,310,13,10,5
1007600,15,28,3,2,0
1007700,51,315,24,9,7
1007800,76,169,32,9,7
1007900,50,328,25,11,1
1008000,52,222,23,4,7
1008100,18,201,9,3,1
1008200,39,140,11,2,6
1008300,4,150,4,8,1
1008400,4,35,0,2,0
1008601,21,61,5,1,5
1008602,0,14,0,0,0
1008603,20,174,2,4,2
1008700,9,194,3,8,7
1008800,59,212,17,9,6
1008900,22,264,7,10,9
1009000,62,239,14,7,1
1009100,14,168,5,4,1
1009200,24,74,12,5,0
1009300,12,207,2,11,5
1009400,18,26,5,2,0
1009500,30,73,5,6,0
1009600,28,32,9,0,0
1009700,7,81,6,3,9
1009800,54,240,23,6,5
1009900,43,612,18,24,7
1010000,51,127,15,1,0
1010100,2,20,0,2,1
1010200,30,58,7,7,0
1010300,8,54,3,4,4
1010400,51,126,4,5,2
1010601,48,173,22,5,2
1010602,50,113,14,12,7
1010800,64,250,12,3,3
1010900,4,13,4,0,0
1011000,91,191,18,3,3
1011100,6,172,8,11,6
1011201,14,17,8,3,1
1011202,19,31,5,8,0
1011203,14,58,1,0,3
1011300,2,4,0,0,0
1011401,23,109,3,2,4
1011402,46,77,21,3,6
1011500,26,82,17,15,4
1011600,47,111,17,4,1
1011700,11,105,5,17,1
1011800,108,210,38,9,7
1011900,8,20,1,2,0
1012000,68,306,32,10,7
1012100,40,230,19,2,7
1012200,56,287,20,6,1
1012400,90,134,51,4,7
1012500,14,15,7,5,1
1012600,49,212,32,17,7
1012700,54,247,10,9,10
1012800,67,347,20,6,7
1012900,66,188,12,20,15
1013000,55,307,31,5,1
1013100,55,45,11,6,0
1013200,60,213,24,5,8
1013300,52,192,8,4,6
1013400,64,246,32,8,10
1013500,77,254,37,14,10
1013600,78,325,42,10,10
1013700,44,59,10,10,4
1013800,77,221,26,9,9
1013900,87,169,20,6,2
1014000,89,286,22,7,4
1014200,50,334,27,7,2
1014300,39,885,8,2,1
1014401,25,123,9,2,4
1014402,47,154,36,5,29
1014500,41,198,2,3,2
1014601,35,81,11,2,5
1014602,43,134,13,2,6
1014700,23,71,5,2,4
1014801,21,58,9,4,1
1014802,66,155,27,6,2
1014900,49,185,7,0,1
1015001,27,101,3,1,5
1015002,57,229,15,4,4
1015100,75,105,11,8,1
1015200,30,207,29,8,12
1015300,53,404,10,5,3
1015400,38,253,14,5,12
1015500,55,128,4,6,3
1015601,45,26,11,4,2
1015602,20,42,0,3,1
1015700,58,245,18,7,1
1015801,48,204,19,10,8
1015802,24,56,2,5,6
1015900,46,223,6,5,5
1016001,66,283,9,3,5
1016002,22,101,2,2,0
1016100,45,230,10,8,3
1016200,64,106,12,3,8
1016300,37,304,9,6,2
1016400,65,137,6,5,1
1016500,51,312,11,1,10
1016600,68,160,17,20,31
1016700,49,281,19,9,7
1016800,65,136,16,8,4
1016900,48,283,13,7,2
1017000,43,110,16,10,12
1017100,69,333,10,7,7
1017200,42,153,5,3,2
1017300,28,356,14,2,2
1017401,17,143,3,2,1
1017402,17,77,3,7,2
1017500,40,373,11,3,5
1017700,48,319,24,1,4
1017800,28,223,32,5,8
1017900,53,320,7,3,2
1018000,28,153,9,7,14
1018100,46,214,22,5,4
1018200,40,142,8,11,11
1018300,43,248,17,5,6
1018400,38,190,23,2,5
1018500,14,81,5,2,2
1018600,34,98,5,2,2
1018700,53,337,13,7,6
1018800,59,147,18,7,21
1018900,65,294,32,12,6
1019000,47,122,16,13,1
1019100,56,351,18,6,8
1019200,6,68,4,6,1
1019300,52,269,10,6,9
1019400,37,174,15,3,5
1019500,60,387,16,6,12
1019600,27,168,19,37,9
1019701,22,193,10,3,1
1019702,23,48,5,2,1
1019800,38,288,13,5,2
1019900,96,277,37,10,9
1020000,42,180,15,2,1
1020101,19,63,4,1,0
1020102,33,134,5,3,2
1020300,32,101,6,9,0
1020500,75,308,32,8,8
1020600,70,214,28,11,1
1020701,25,72,5,8,2
1020800,34,248,18,13,7
1020901,13,69,4,4,2
1021000,32,103,12,5,4
1021100,28,199,8,7,2
1021200,46,151,4,7,4
1021303,17,165,8,10,2
1021400,15,97,6,6,4
1021500,4,83,0,10,5
1021600,72,268,15,11,5
1021703,42,249,15,6,4
1021800,93,211,36,6,2
1021900,17,84,6,5,2
1022000,69,319,28,6,7
1022102,11,193,4,1,1
1022200,48,208,29,14,5
1022301,63,161,20,16,3
1022302,2,12,1,0,0
1022400,39,206,8,10,2
1022500,88,241,37,15,6
1022600,37,191,27,9,5
1022700,71,228,2,6,1
1022800,56,272,9,7,5
1022900,43,259,13,17,8
1023000,60,250,14,8,3
1023100,31,264,10,4,3
1023200,46,233,4,9,1
1023300,60,290,29,4,14
1023400,38,167,8,5,3
1023501,25,225,6,5,5
1023502,12,48,4,11,4
1023600,22,170,1,2,0
1023700,62,304,11,16,7
1023900,16,37,14,1,0
1024100,38,201,25,10,8
1024200,38,199,24,19,7
1024301,35,98,8,7,2
1024302,0,36,0,0,1
1024500,84,258,26,29,9
1024700,52,131,26,5,5
1024900,21,87,4,1,1
1025100,44,144,23,14,8
1025300,58,222,20,11,9
1025500,59,174,31,18,1
1025700,39,239,4,3,1
1025900,18,152,1,5,0
1026100,59,213,24,12,7
1026300,41,209,15,20,9
1026500,17,165,16,5,0
1026700,10,64,5,1,1
1026900,88,207,13,17,8
1027100,144,149,37,15,7
1027300,41,208,16,1,7
1027500,19,76,4,2,6
1027700,63,182,21,11,6
1027900,75,227,19,12,5
1028100,16,67,4,0,6
1028300,47,117,18,10,15
1028500,55,139,17,16,8
1028700,50,195,17,4,3
1029100,58,196,26,8,8
1029300,36,148,20,9,6
1029500,48,197,12,9,5
1029700,17,51,5,0,1
1029900,107,123,22,5,5
1030300,54,144,19,6,5
1030700,44,91,5,1,2
1030900,37,234,18,5,4
1031100,29,177,11,7,7
1031703,19,310,5,3,2
1031704,52,364,18,12,2
1031900,0,11,0,0,0
2000200,28,341,7,0,1
2000400,58,361,21,6,9
2001600,50,441,12,7,13
2001900,113,342,21,14,17
2002000,40,353,15,7,7
2002300,4,46,0,3,1
2002400,13,102,2,1,3
2002500,34,131,2,3,1
2002701,19,42,4,2,3
2002702,17,133,6,8,3
2002800,15,209,2,2,5
2003100,13,67,5,0,6
2003300,27,150,8,4,3
2003500,18,142,1,4,4
2003700,9,15,2,0,1
2003800,7,101,2,1,0
2003900,12,205,4,15,1
2004001,9,160,3,2,0
2004100,58,138,13,8,5
2004200,49,264,14,6,3
2004300,47,227,11,12,7
2004400,15,113,1,0,0
2004600,25,73,3,2,8
2004800,26,124,7,1,1
2005001,24,143,1,2,5
2005002,14,172,3,3,7
2005100,102,144,45,10,5
2005200,8,167,6,3,4
2005400,17,170,4,3,5
2005600,7,169,4,4,5
2005902,9,66,3,4,0
2006000,14,87,2,10,2
2006100,12,40,1,3,0
2006200,6,126,1,2,2
2006300,148,628,71,49,32
2006400,18,162,8,6,7
2006500,84,185,25,15,7
2006700,52,115,14,13,3
2006800,33,203,12,3,5
2006900,34,229,20,17,3
2007000,37,292,7,2,2
2007100,40,194,4,5,4
2007200,18,247,4,3,10
2007300,34,160,9,15,6
2007400,27,198,11,2,7
2007500,39,287,11,22,13
2007600,56,202,15,3,8
2007700,30,151,11,4,4
2007800,58,381,23,28,3
2007900,15,246,8,16,12
2008300,17,214,5,11,7
2008400,16,139,4,2,1
2008500,26,234,10,1,4
2008600,18,103,5,2,2
2008700,20,323,3,18,13
2008900,35,87,4,6,2
2009000,83,484,10,14,2
2009200,32,340,10,6,8
2009300,268,"1,275",101,82,16
2009600,60,469,20,7,8
2009800,45,615,24,20,5
2011000,18,156,3,2,2
2011502,32,306,7,27,8
2011700,52,465,10,51,2
2011800,48,332,11,3,12
2011900,20,214,13,8,2
2012101,11,157,0,0,1
2012102,2,68,0,2,1
2012300,28,158,2,14,6
2012500,33,269,12,2,2
2012701,21,164,7,3,6
2012901,27,170,11,13,10
2013000,5,161,0,1,1
2013100,57,350,9,15,4
2013200,52,957,22,7,13
2013300,11,146,3,8,5
2013500,16,171,1,0,4
2013800,7,84,2,0,1
2014100,32,135,14,4,7
2014300,20,125,3,0,2
2014400,5,342,1,3,3
2014500,21,126,6,6,7
2014701,7,58,3,5,4
2014702,13,51,2,5,0
2014900,21,151,8,26,5
2015100,46,329,11,8,11
2015200,19,227,5,12,10
2015300,54,341,12,7,6
2015500,16,130,1,12,2
2015700,19,205,2,6,6
2015800,20,178,6,1,6
2015900,48,85,9,3,9
2016000,40,389,12,9,13
2016100,34,224,3,5,3
2016200,24,149,10,2,7
2016300,44,236,22,11,15
2016400,30,198,15,2,4
2016500,27,167,7,5,2
2016600,46,188,9,2,7
2016700,25,203,12,4,1
2016900,14,110,10,8,3
2017100,32,63,7,8,6
2017300,31,207,12,18,9
2017500,37,189,22,29,15
2017701,36,142,3,5,6
2017702,15,175,6,23,13
2017901,32,98,8,7,1
2017902,23,56,20,3,4
2018101,28,103,6,3,3
2018102,40,142,8,4,4
2018301,25,102,4,8,1
2018302,22,116,10,8,11
2018400,45,438,15,8,10
2018500,95,423,40,43,23
2018900,50,328,13,28,7
2019300,23,135,13,10,9
2019400,9,98,2,4,8
2019500,70,312,15,14,12
2019700,24,148,12,18,12
2019900,75,180,25,21,12
2020000,48,440,28,17,6
2020100,31,170,22,7,11
2020200,13,184,6,4,3
2020400,27,220,11,4,1
2020501,24,133,3,5,3
2020502,27,74,3,9,2
2020601,22,146,3,4,10
2020900,41,116,4,9,2
2021001,8,100,2,0,1
2021002,13,101,0,1,3
2021100,42,192,15,7,11
2021200,9,84,1,2,2
2021301,7,43,7,11,2
2021302,50,163,9,15,12
2021501,62,127,0,3,1
2021502,91,134,9,15,6
2021601,49,204,10,6,13
2021602,23,148,1,0,2
2021700,29,170,1,4,3
2021800,44,271,8,22,5
2021900,34,89,12,15,7
2022000,3,104,2,2,0
2022101,28,83,8,7,3
2022102,28,80,5,4,1
2022200,38,240,5,4,2
2022300,34,107,6,4,7
2022401,17,63,5,2,0
2022403,22,88,6,14,1
2022404,18,143,5,6,7
2022500,40,193,9,16,6
2022701,30,147,6,3,2
2022702,7,41,1,2,5
2022703,12,44,0,0,1
2022800,55,194,30,17,3
2022901,49,132,14,14,3
2022902,25,104,15,13,4
2023000,13,132,6,2,3
2023100,32,66,17,3,5
2023200,13,136,9,13,5
2023301,3,164,1,3,3
2023302,20,73,7,3,4
2023501,10,103,0,3,0
2023502,25,118,5,8,1
2023600,12,116,3,3,4
2023702,18,31,4,3,1
2023703,35,138,5,7,4
2023704,19,89,5,5,3
2023800,15,229,5,12,0
2023900,52,275,11,7,8
2024000,26,206,1,2,3
2024100,16,197,4,5,7
2024300,57,120,9,10,6
2024400,12,202,3,5,5
2024501,22,128,6,20,3
2024502,14,164,9,5,3
2024600,12,220,5,7,6
2024700,9,52,2,6,0
2024800,56,262,12,8,14
2024900,19,41,15,2,1
2025000,14,171,4,4,7
2025100,53,260,21,19,8
2025200,26,305,3,4,6
2025300,21,140,10,8,4
2025400,15,304,7,8,10
2025500,42,169,8,10,2
2025600,18,206,10,3,3
2025700,3,40,0,0,3
2026100,20,33,4,1,20
2026300,21,179,7,3,7
2026400,30,432,11,7,12
2026500,39,241,5,8,3
2026601,23,192,8,15,5
2026602,27,362,7,10,7
2026701,21,78,1,4,0
2026702,58,202,9,13,13
2026900,49,110,13,7,3
2027300,17,190,3,6,3
2027401,93,559,17,7,10
2027402,25,333,8,1,8
2027600,4,30,4,0,1
2027700,31,129,9,9,2
2027900,20,347,5,9,5
2028100,29,180,16,7,3
2028300,29,150,18,11,1
2028400,17,92,5,0,1
2028500,45,228,8,0,4
2028600,13,323,2,7,13
2028700,32,180,17,2,3
2028800,41,506,12,2,26
2028900,66,182,21,7,1
2029301,4,52,1,1,2
2029302,16,112,5,3,8
2029500,46,245,16,9,9
2029600,25,188,3,2,5
2029700,34,226,3,9,14
2030000,17,343,6,9,14
2030100,21,54,2,0,2
2030200,48,228,6,8,5
2030701,30,190,7,3,5
2030900,31,151,5,15,9
2031000,107,863,33,17,28
2031200,21,247,7,6,10
2031400,42,224,11,6,11
2031600,37,172,10,8,13
2031800,29,199,11,12,9
2031900,0,3,0,1,0
2032300,12,76,2,6,4
2032400,34,164,8,3,16
2032600,60,313,16,8,24
2032800,23,202,9,4,15
2033000,37,132,11,7,11
2033201,32,91,10,12,0
2033202,17,101,16,11,3
2033400,22,351,28,12,14
2033500,26,173,0,3,5
2033600,16,151,1,7,6
2033700,67,383,10,9,14
2033800,9,114,1,6,9
2034000,22,169,8,11,15
2034200,14,169,8,11,5
2034300,14,105,3,0,0
2034400,27,137,7,9,12
2034500,68,271,16,4,5
2034800,75,282,23,14,18
2035000,12,111,4,4,3
2035100,32,189,6,2,14
2035600,35,218,14,9,10
2035800,56,471,13,16,22
2035900,19,105,4,3,0
2036000,62,267,9,4,11
2036100,42,156,12,3,3
2036300,36,345,20,15,4
2036400,27,174,5,5,11
2036501,30,87,9,4,1
2036502,3,70,1,7,1
2036700,26,81,10,10,0
2036800,11,167,6,3,4
2036901,20,87,9,11,0
2036902,20,35,11,2,2
2037000,25,183,1,5,9
2037100,91,187,15,12,5
2037200,5,178,1,1,3
2037300,73,112,13,11,2
2037400,11,124,5,9,1
2037504,105,278,26,19,7
2037600,4,96,2,4,3
2037800,19,64,3,0,4
2037900,36,157,16,5,4
2038000,23,123,7,3,2
2038100,41,138,5,13,5
2038200,6,175,2,4,5
2038301,27,137,11,7,2
2038302,28,153,10,13,2
2038500,111,143,22,17,11
2038600,20,267,6,4,37
2038700,21,284,4,8,5
2038800,6,145,2,4,2
2038900,47,253,16,9,5
2039000,11,70,2,2,3
2039100,66,264,12,14,1
2039200,15,51,3,1,2
2039300,39,201,8,13,1
2039400,25,115,7,5,5
2039500,154,199,47,18,9
2039600,38,188,9,10,2
2039700,32,158,8,7,3
2039800,11,172,11,4,3
2039901,37,117,2,12,2
2039902,27,104,16,9,2
2040100,32,131,4,4,5
2040302,10,79,0,3,1
2040303,11,148,9,3,10
2040304,30,66,1,1,7
2040400,22,146,2,3,16
2040501,5,95,3,2,6
2040502,12,112,6,9,5
2040600,24,184,10,7,8
2040701,8,68,3,5,2
2040702,47,160,10,10,6
2040800,31,105,6,8,5
2040900,67,460,19,8,9
2041100,20,140,2,1,1
2041300,24,244,14,6,5
2041400,71,168,18,4,13
2041500,40,159,16,1,6
2041800,33,151,13,7,6
2041900,60,384,9,4,13
2042000,32,118,6,2,4
2042100,31,208,23,12,16
2042200,19,142,2,3,3
2042300,7,137,3,2,2
2042400,16,88,11,5,3
2042500,60,299,10,9,9
2042600,34,583,17,11,14
2042800,14,206,0,1,3
2042901,8,91,3,0,1
2042902,14,108,7,1,3
2043000,10,387,1,1,8
2043100,55,173,19,7,14
2043400,28,161,6,6,8
2043500,46,394,7,10,33
2043600,14,272,2,5,1
2044200,21,141,4,3,4
2044400,22,343,2,2,7
2044800,25,152,3,0,6
2044901,32,197,9,8,2
2044902,31,159,17,8,6
2045101,11,156,3,1,6
2045102,21,259,6,0,3
2045600,31,245,13,4,16
2045800,19,149,7,3,10
2046000,30,203,9,6,17
2046201,124,"1,008",16,17,24
2046202,78,498,24,12,7
2048400,82,306,27,15,17
2051600,129,862,36,8,16
3000100,99,279,16,6,8
3000200,29,112,5,3,1
3000301,53,240,8,2,4
3000501,19,138,4,1,3
3000502,48,173,9,2,6
3000700,90,266,17,7,5
3000900,17,207,5,2,3
3001100,26,100,9,4,2
3001300,40,158,19,6,5
3001500,97,176,19,9,6
3001800,41,155,9,4,1
3002000,8,83,0,4,0
3002100,53,260,10,11,5
3002200,49,222,20,11,4
3002300,21,40,2,1,0
3002901,7,22,4,7,0
3003000,5,79,5,1,2
3003100,67,131,23,11,2
3003300,40,173,9,2,5
3003400,24,272,12,4,10
3003500,44,129,9,3,2
3003600,5,188,3,5,6
3003700,60,111,8,1,2
3003800,4,193,3,0,4
3003900,73,164,12,4,3
3004100,77,285,15,7,10
3004300,105,194,16,6,9
3004400,86,660,14,4,15
3004500,51,360,3,6,4
3004600,64,400,22,7,30
3004700,53,124,7,4,1
3004900,16,156,8,5,2
3005000,45,372,7,6,0
3005100,7,218,4,4,1
3005201,21,115,2,2,11
3005202,16,119,0,1,0
3005300,137,492,69,46,27
3005400,20,161,5,1,4
3005601,18,137,0,4,11
3005602,16,101,3,9,3
3005800,8,200,3,5,4
3005900,56,276,29,15,2
3006000,15,166,3,5,5
3006200,35,163,13,5,4
3006300,41,141,13,4,2
3006400,36,220,10,2,23
3006500,65,419,15,3,6
3006600,15,205,4,5,4
3006700,57,289,3,2,8
3006800,9,190,2,4,4
3006900,56,284,7,1,8
3007000,14,85,6,7,2
3007100,21,160,5,2,1
3007200,12,19,0,1,1
3007400,31,159,20,6,7
3007500,92,319,7,3,6
3007600,17,192,5,6,6
3007700,113,301,34,7,9
3007800,40,211,9,3,2
3008000,43,200,11,6,5
3008200,30,192,2,4,8
3008400,26,210,6,4,3
3008500,25,124,12,2,14
3008600,5,82,0,0,8
3008800,24,117,12,5,9
3009000,20,123,7,13,1
3009200,16,178,11,7,5
3009400,13,233,7,11,9
3009600,20,238,9,2,2
3009800,31,219,6,7,6
3010000,15,205,3,5,5
3010100,40,304,10,11,9
3010200,21,204,6,9,3
3010400,11,137,1,7,7
3010600,17,147,7,4,6
3010800,24,151,9,9,4
3011000,22,90,12,8,6
3011200,29,224,2,1,7
3011400,31,200,9,4,6
3011600,11,148,2,2,4
3011700,29,118,7,5,4
3011800,28,135,6,2,2
3011900,51,210,25,14,7
3012000,14,120,9,11,3
3012100,47,126,5,2,2
3012200,15,147,2,5,6
3012600,77,242,18,4,8
3012700,35,154,6,4,1
3012801,10,179,2,3,9
3012901,49,174,7,1,3
3012902,36,138,10,2,1
3013000,31,165,5,1,2
3013100,58,236,21,2,4
3013200,23,131,9,9,11
3013300,45,288,6,1,3
3013400,37,332,6,2,10
3013500,44,264,13,5,10
3013600,29,286,9,5,9
3013700,37,215,7,0,7
3013800,16,197,4,0,1
3013900,19,220,6,5,4
3014000,61,114,16,8,10
3014100,24,190,9,2,9
3014200,28,159,9,4,2
3014300,25,228,8,2,11
3014500,41,239,6,4,12
3014700,9,123,10,2,3
3014800,13,144,4,5,3
3014900,45,398,22,8,5
3015000,16,127,1,1,3
3015100,26,263,16,4,9
3015200,22,163,2,3,10
3015300,42,218,11,4,12
3015400,63,115,12,1,8
3015500,45,243,6,3,6
3015700,46,290,14,3,10
3015900,99,313,11,5,14
3016000,12,171,3,6,7
3016100,58,215,8,1,9
3016200,14,117,13,5,9
3016300,32,189,7,0,3
3016400,1,24,2,1,1
3016500,92,290,38,4,9
3016600,40,361,12,2,8
3016700,50,311,7,2,7
3016800,19,142,8,4,5
3016900,73,308,11,3,5
3017000,13,153,1,3,3
3017100,56,365,9,0,11
3017200,20,128,5,2,7
3017400,12,138,4,2,4
3017500,25,81,1,3,3
3017600,15,159,2,0,5
3017700,156,624,28,4,21
3017800,5,151,2,3,6
3017900,33,214,6,1,10
3018000,11,161,1,2,3
3018100,49,308,10,3,6
3018200,36,81,7,4,4
3018300,16,284,2,3,4
3018400,16,130,3,2,5
3018501,34,76,5,4,1
3018600,12,103,3,0,1
3018700,19,119,3,2,7
3018800,9,173,1,2,3
3019000,17,151,5,3,4
3019100,36,205,7,4,13
3019200,19,82,2,3,2
3019300,49,210,6,4,8
3019400,35,110,9,4,8
3019500,39,251,5,4,9
3019600,22,173,11,2,7
3019700,31,344,11,4,12
3019800,8,108,5,3,1
3019900,22,270,5,6,10
3020000,5,154,0,4,3
3020100,36,284,4,3,6
3020200,10,154,2,3,1
3020300,39,144,10,1,2
3020400,14,164,3,3,4
3020500,36,197,11,0,4
3020600,34,147,12,2,5
3020700,41,211,11,3,7
3020800,32,108,4,3,2
3021000,7,107,4,2,5
3021100,16,115,4,2,3
3021200,26,164,4,6,7
3021300,53,166,1,3,3
3021400,21,123,2,2,1
3021500,65,193,8,8,4
3021600,19,196,6,5,3
3021700,55,114,6,1,2
3021800,30,201,5,2,2
3021900,43,194,16,4,9
3022000,25,189,8,2,4
3022100,28,163,10,1,5
3022200,15,166,10,4,3
3022400,9,141,4,4,2
3022600,8,60,2,0,1
3022700,58,222,17,4,5
3022800,23,177,6,5,2
3022900,24,248,5,6,4
3023000,20,175,7,2,2
3023100,18,261,2,1,2
3023200,31,249,2,2,4
3023300,31,168,8,3,2
3023400,33,184,4,7,7
3023500,16,142,7,3,5
3023600,23,198,13,9,7
3023800,56,197,26,8,11
3024000,24,169,2,6,9
3024100,9,128,3,4,5
3024200,25,164,1,3,6
3024300,21,173,1,0,1
3024400,9,139,4,2,3
3024500,38,212,4,1,4
3024600,7,140,2,3,2
3024700,28,139,15,0,1
3024800,5,81,0,7,0
3024900,22,229,2,2,2
3025000,7,78,3,3,3
3025100,46,113,5,3,1
3025200,9,189,3,2,4
3025300,38,152,2,1,2
3025400,23,120,6,4,0
3025500,25,20,3,1,1
3025600,25,153,13,5,2
3025700,43,122,4,7,8
3025800,25,194,13,6,3
3025901,32,59,6,5,1
3025902,5,2,0,0,0
3026000,10,155,6,4,3
3026100,57,205,5,6,6
3026200,27,172,0,1,3
3026300,57,86,2,2,0
3026400,13,217,4,5,2
3026500,50,193,12,3,1
3026600,16,201,9,1,7
3026700,37,256,4,4,8
3026800,26,226,7,0,5
3026900,21,155,5,1,1
3027000,16,126,7,1,5
3027100,52,223,6,8,1
3027200,6,144,1,2,3
3027300,43,168,2,1,4
3027400,8,115,1,3,2
3027500,50,198,6,1,3
3027600,4,125,5,7,3
3027700,37,228,15,9,7
3027800,20,108,4,2,2
3027900,29,145,7,2,1
3028000,24,86,2,1,2
3028100,51,180,8,7,1
3028200,27,125,8,1,6
3028300,20,115,4,6,3
3028400,12,113,3,1,3
3028501,8,36,2,1,0
3028502,1,3,0,0,0
3028600,1,99,0,1,4
3028700,33,115,7,2,3
3028800,26,141,4,1,4
3028900,27,193,1,4,2
3029000,5,88,3,0,4
3029100,16,164,2,2,2
3029200,18,127,4,6,4
3029300,39,201,10,5,2
3029400,1,50,1,2,0
3029500,16,248,5,3,2
3029600,12,154,5,7,6
3029700,26,347,4,4,3
3029800,31,201,1,7,7
3029900,26,165,12,3,3
3030000,16,166,3,1,8
3030100,33,134,11,1,7
3030200,17,167,2,1,3
3030300,16,345,4,14,4
3030400,59,144,8,0,6
3030500,57,243,23,5,6
3030600,24,102,4,10,2
3030700,21,122,5,1,3
3030800,24,84,2,2,2
3030900,13,157,3,4,0
3031100,23,129,5,4,13
3031300,45,125,16,3,5
3031400,70,201,13,8,14
3031500,21,211,4,3,6
3031701,17,155,3,1,0
3031702,54,206,7,0,6
3031900,30,160,6,1,2
3032100,77,160,9,7,7
3032300,47,207,17,1,4
3032500,32,195,6,3,5
3032600,66,151,15,15,11
3032700,41,149,5,1,3
3032800,52,176,7,23,7
3032900,13,207,0,1,2
3033000,44,58,16,5,9
3033100,17,188,8,5,0
3033300,25,127,4,3,6
3033500,12,205,0,3,3
3033600,10,32,4,4,0
3033700,122,402,18,5,13
3033900,31,156,3,1,4
3034000,33,58,10,6,5
3034100,35,89,15,4,6
3034200,45,130,12,22,5
3034300,14,104,7,1,3
3034500,18,158,6,0,7
3034700,21,137,4,2,6
3034800,60,174,17,12,7
3034900,42,148,6,6,2
3035000,3,21,0,0,2
3035100,47,153,7,3,15
3035200,52,123,12,6,1
3035300,41,211,4,3,5
3035400,45,142,6,5,4
3035500,18,144,3,5,3
3035601,13,46,5,0,1
3035602,78,96,4,3,12
3035700,46,174,5,1,10
3035900,43,199,4,8,9
3036001,26,45,4,5,5
3036002,14,49,4,2,4
3036100,14,141,3,1,6
3036200,27,69,9,3,7
3036300,29,266,13,7,5
3036400,24,93,12,6,5
3036501,15,132,4,2,2
3036502,8,70,1,1,0
3036600,22,74,9,9,7
3036700,38,128,6,8,1
3036900,32,290,9,5,4
3037000,55,318,11,2,10
3037100,19,265,4,2,0
3037300,19,205,7,6,4
3037401,80,197,13,4,4
3037402,44,149,10,5,6
3037500,9,132,2,3,4
3037700,36,273,2,2,2
3037900,33,210,5,2,4
3038100,77,286,11,4,6
3038200,2,11,0,1,2
3038300,15,257,3,4,2
3038500,30,192,3,4,2
3038600,16,153,3,5,17
3038700,16,167,1,3,2
3038800,8,122,2,1,6
3038900,50,138,17,14,9
3039000,68,219,17,6,11
3039100,27,184,4,11,4
3039200,21,189,9,2,1
3039300,29,180,7,2,4
3039400,62,274,11,4,2
3039500,19,149,3,1,1
3039600,26,238,2,5,3
3039700,32,187,2,0,6
3039800,8,111,2,2,4
3039900,31,199,8,0,4
3040000,23,183,3,1,5
3040100,20,164,3,5,2
3040200,32,147,1,2,3
3040300,27,216,3,3,2
3040400,24,159,7,3,3
3040500,23,95,3,3,2
3040600,17,177,4,1,7
3040700,10,6,0,0,0
3040800,12,111,3,1,5
3040900,50,136,12,6,7
3041000,28,136,5,2,6
3041100,18,145,4,3,5
3041200,19,133,5,2,4
3041300,34,200,6,5,6
3041401,20,201,9,1,2
3041402,70,326,8,3,5
3041500,69,185,13,6,3
3041600,81,156,29,7,6
3041700,51,195,10,2,3
3041800,81,180,26,11,10
3041900,26,163,2,1,6
3042000,59,216,13,11,8
3042100,50,149,11,3,6
3042200,62,353,8,5,8
3042300,31,224,18,11,5
3042400,37,153,2,0,3
3042500,31,194,14,8,4
3042600,16,103,2,0,2
3042700,53,186,10,9,3
3042800,25,160,6,1,12
3042900,90,186,23,18,4
3043000,31,165,18,0,3
3043100,79,185,27,17,7
3043200,20,109,9,1,1
3043300,62,215,17,7,9
3043400,27,144,7,4,3
3043500,42,169,4,2,7
3043600,23,141,2,3,1
3043700,32,247,3,2,5
3043800,36,226,6,3,2
3043900,34,203,13,0,5
3044000,54,354,12,4,5
3044100,94,141,20,13,13
3044200,66,213,12,4,8
3044300,37,243,13,18,5
3044400,57,249,18,3,5
3044500,102,152,37,16,10
3044600,12,119,14,1,1
3044700,59,130,32,12,2
3044800,17,166,10,1,2
3044900,28,164,23,12,5
3045000,35,169,2,1,4
3045200,84,275,22,1,9
3045300,31,70,6,6,3
3045400,35,128,15,2,6
3045600,48,152,28,3,4
3045800,51,303,7,1,9
3046000,69,397,27,1,17
3046201,36,142,10,1,3
3046202,54,153,6,6,5
3046400,19,182,10,4,4
3046800,41,145,4,5,9
3047000,26,221,5,1,12
3047200,11,311,1,1,5
3047400,9,274,3,2,11
3047600,20,252,1,3,10
3047700,39,263,23,17,6
3047800,25,141,9,1,12
3048000,16,193,6,1,6
3048100,22,128,6,4,2
3048200,93,193,33,3,11
3048400,92,245,19,5,9
3048500,58,255,15,7,4
3048600,14,115,1,1,6
3048800,34,188,11,8,7
3048900,0,8,0,0,0
3049000,90,264,27,3,17
3049100,44,139,1,11,9
3049200,16,138,10,2,8
3049300,32,241,16,21,5
3049400,63,290,15,1,11
3049500,23,138,6,3,4
3049600,35,225,10,4,11
3049700,29,198,5,5,3
3049800,26,220,5,3,10
3049900,31,197,5,5,2
3050000,17,248,2,1,4
3050100,33,213,5,4,3
3050202,19,155,3,1,7
3050300,29,169,2,4,7
3050400,54,270,14,7,9
3050500,39,202,6,10,3
3050600,11,222,4,0,0
3050700,29,138,8,4,6
3050801,8,55,3,1,0
3050803,6,56,2,3,1
3050804,34,102,2,0,5
3050900,29,206,3,13,0
3051001,7,29,3,3,0
3051002,8,60,0,1,0
3051100,25,172,4,5,0
3051200,13,104,2,3,8
3051300,82,186,8,15,12
3051400,21,174,15,5,2
3051500,8,245,5,9,1
3051601,26,129,2,4,3
3051602,22,67,6,2,2
3051700,18,209,0,11,5
3051800,29,297,11,1,9
3051900,51,355,20,18,5
3052000,28,287,6,2,3
3052300,24,208,8,12,9
3052500,6,114,3,6,6
3052600,34,306,12,1,3
3052700,28,258,10,5,3
3052800,92,278,7,1,5
3052900,37,179,4,5,1
3053000,45,103,12,3,2
3053100,27,270,2,3,3
3053200,39,169,7,2,8
3053300,42,281,4,1,2
3053400,43,147,37,3,5
3053500,21,252,2,1,4
3053700,15,183,4,0,6
3053800,44,171,26,2,11
3053900,6,103,0,0,7
3054200,33,160,20,0,6
3054300,45,101,22,4,2
3054400,67,183,30,3,9
3054500,13,210,1,3,5
3054600,50,216,11,8,13
3054700,17,179,4,2,2
3054800,35,238,16,7,14
3054900,17,188,5,19,2
3055000,47,158,18,1,7
3055100,7,273,6,7,0
3055200,43,88,34,5,6
3055300,26,235,8,8,3
3055400,56,86,29,4,5
3055500,11,221,11,24,3
3055600,25,202,24,5,6
3055700,31,179,7,13,2
3055800,24,150,14,4,8
3056000,33,176,10,2,13
3056100,28,313,9,2,0
3056200,13,205,7,1,14
3056300,38,293,7,7,3
3056400,28,238,19,3,7
3056500,22,282,11,4,4
3056600,18,201,3,0,14
3056800,34,138,3,0,12
3056900,7,127,1,2,2
3057000,103,222,6,3,8
3057100,69,223,24,6,7
3057200,8,30,1,2,0
3057300,55,166,12,5,5
3057400,9,189,3,1,9
3057500,53,214,17,5,4
3057600,10,185,7,3,8
3057800,17,174,6,6,6
3057900,53,220,16,4,1
3058000,37,165,10,4,5
3058200,18,167,15,12,2
3058400,26,98,7,2,6
3058600,15,136,6,3,11
3058800,46,105,2,1,7
3058900,49,180,12,7,3
3059000,25,136,5,0,10
3059100,54,239,12,7,3
3059200,32,222,3,1,8
3059300,34,215,4,4,3
3059401,78,370,14,2,18
3059402,35,371,16,4,23
3059600,51,102,12,1,13
3059800,110,90,7,1,13
3060000,183,163,33,7,34
3060600,66,49,3,3,9
3060800,133,194,30,14,34
3061002,15,44,4,3,7
3061003,15,14,3,3,0
3061004,41,122,18,11,18
3061200,80,265,10,6,21
3061600,84,261,12,5,8
3062000,93,310,24,12,27
3062200,45,125,22,11,10
3062600,48,164,15,4,16
3062800,44,90,7,6,8
3063200,24,104,4,2,3
3063600,18,172,1,1,11
3063800,32,149,8,2,11
3064000,28,204,6,2,5
3064200,58,300,12,14,16
3064400,29,271,9,4,7
3064600,15,166,4,1,4
3064800,21,180,3,1,7
3065000,18,147,10,6,8
3065200,11,229,4,8,4
3065400,7,216,1,2,3
3065600,18,200,3,2,9
3065800,25,164,2,1,7
3066000,14,199,1,1,1
3066200,32,192,14,1,17
3066600,49,189,10,4,3
3067000,22,268,3,2,6
3067200,24,85,7,10,5
3067400,28,135,5,3,7
3067600,18,159,6,6,16
3067800,16,205,2,1,5
3068000,16,152,5,2,4
3068200,12,206,6,3,4
3068600,19,195,5,1,2
3068800,3,131,0,1,5
3069000,14,118,2,2,3
3069200,14,223,0,1,0
3069601,76,423,17,9,4
3069602,100,635,38,9,17
3069800,46,195,6,2,4
3070000,38,192,18,5,4
3070201,153,"1,340",33,10,20
3070202,49,92,6,0,5
3070600,103,555,26,8,21
3072000,22,149,4,0,7
3072200,38,235,5,3,9
3072400,25,197,13,3,5
3072600,33,164,20,5,12
3072800,36,203,14,1,5
3073000,14,207,6,5,7
3073200,38,132,10,7,6
3073400,17,124,10,0,8
3073600,23,128,18,3,12
3073800,28,187,22,4,9
3074000,22,131,4,4,7
3074200,17,168,9,2,14
3074400,26,246,11,2,10
3074600,33,224,16,3,11
3074800,12,245,6,3,6
3075000,11,197,4,1,4
3075200,27,188,6,2,5
3075400,28,254,8,1,10
3075600,27,306,11,5,8
3075800,41,355,12,3,20
3076000,32,149,11,3,13
3076200,45,159,11,2,2
3076400,34,262,5,2,9
3076600,23,104,5,2,9
3076800,70,222,25,4,12
3077000,28,185,10,5,7
3077200,64,293,17,6,23
3077400,25,86,8,5,3
3077600,25,119,14,5,2
3078000,20,104,3,0,5
3078200,14,163,6,1,7
3078400,18,146,2,4,5
3078600,26,146,2,0,3
3078800,4,132,4,0,7
3079000,15,232,2,10,7
3079200,12,154,9,1,8
3079400,36,106,10,8,8
3079601,9,139,7,3,1
3079602,17,106,8,6,3
3079801,16,189,1,1,3
3079802,17,79,2,5,3
3080000,14,278,2,2,5
3080200,13,175,0,3,3
3080400,24,130,11,3,8
3080600,11,155,1,2,2
3080800,8,96,3,3,4
3081000,5,133,0,3,2
3081400,19,136,2,1,6
3081600,4,103,4,4,1
3081800,20,109,7,6,4
3082000,20,90,12,11,1
3082200,10,143,2,8,3
3082400,31,134,2,0,1
3082600,30,226,4,2,1
3082800,20,162,8,4,6
3083000,27,185,9,3,7
3083200,15,106,2,0,9
3083400,3,82,3,0,2
3083600,11,108,5,2,6
3083800,4,121,2,0,9
3084000,7,157,5,1,10
3084600,14,129,7,1,6
3084800,1,70,1,2,1
3085000,8,148,1,2,0
3085200,25,83,0,2,3
3085400,4,126,4,1,2
3085600,14,120,5,2,1
3085800,4,104,0,2,4
3086000,5,146,2,0,1
3086200,6,98,1,0,2
3086400,15,151,3,3,5
3086600,16,206,4,3,6
3086800,5,174,7,1,2
3087000,47,186,6,2,4
3087200,2,152,0,2,6
3087401,17,73,0,2,2
3087600,8,135,3,17,5
3087800,9,191,2,1,2
3088000,1,144,1,1,2
3088200,12,178,2,0,4
3088400,31,166,1,4,2
3088600,29,174,10,7,0
3088800,37,206,18,3,15
3089000,26,227,6,7,7
3089200,26,138,5,4,4
3089400,39,186,5,3,5
3089600,16,164,3,5,1
3089800,9,138,0,1,4
3090000,27,306,3,13,10
3090200,6,139,2,3,7
3090600,30,102,1,5,1
3090800,31,218,5,12,11
3091000,5,73,2,7,1
3091200,9,74,1,4,2
3091600,29,240,3,9,3
3091800,18,237,7,11,7
3092000,56,164,19,7,4
3092200,8,136,4,0,2
3092400,23,261,6,7,3
3092800,10,77,4,1,12
3093000,5,148,1,2,5
3093200,15,65,12,1,10
3093400,26,212,3,1,6
3093600,14,167,2,5,7
3093800,18,97,9,2,4
3094401,47,262,10,6,8
3094402,15,19,1,0,0
3094600,42,298,14,2,10
3095000,37,232,5,2,3
3095400,27,294,12,6,6
3095600,24,256,10,6,11
3095800,18,198,3,2,9
3096000,13,76,2,1,0
3096200,13,65,0,2,8
3096400,11,111,3,3,12
3096600,9,109,1,3,8
3096800,9,115,3,1,6
3097000,12,134,2,5,9
3097400,10,121,1,1,1
3098200,9,57,5,1,0
3098400,19,88,6,3,5
3098600,34,144,1,0,3
3098800,22,127,3,0,4
3099000,13,91,0,0,1
3099200,9,64,3,0,2
3099400,25,70,5,0,5
3099600,60,162,9,5,11
3099800,103,161,22,8,8
3100400,48,66,14,8,7
3100600,39,78,9,3,7
3100800,27,80,13,1,8
3101000,19,180,10,4,6
3101200,16,156,2,2,5
3101400,60,92,12,3,7
3101600,42,74,17,4,21
3101800,73,95,7,6,19
3102000,39,133,17,5,7
3102200,38,130,8,1,8
3102400,32,116,21,2,6
3102600,28,114,17,8,8
3102800,70,174,42,5,25
3103400,46,120,12,6,4
3105801,26,201,10,2,0
3105804,18,418,9,2,4
3107000,90,445,53,29,8
3107800,98,464,50,23,15
3109800,190,136,43,14,6
3110400,143,702,50,40,29
3110600,0,17,0,0,0
3111000,8,15,2,1,0
3111600,109,512,54,36,13
3111800,63,177,34,9,3
3112000,50,229,5,1,1
3112200,21,275,1,3,3
3112400,112,237,36,6,5
3112600,29,301,4,6,5
3112800,30,277,4,10,6
3113000,65,249,15,14,2
3113200,28,203,5,7,2
3113400,13,226,1,2,2
3114201,14,169,5,3,0
3114202,11,117,1,2,4
3114400,140,386,44,10,3
3114600,46,217,11,4,0
3115000,29,160,10,5,6
3115200,43,233,6,5,2
3115600,29,218,6,6,0
3115800,41,227,18,16,2
3116000,89,230,21,2,0
3116200,73,185,8,4,1
3116400,23,247,7,9,2
3116600,21,190,3,4,3
3116800,8,152,9,3,2
3117000,23,174,3,6,8
3117201,8,180,4,5,1
3117202,24,211,8,0,2
3117400,30,315,17,8,6
3117601,18,217,11,5,4
3117602,27,143,5,2,3
3117800,11,119,2,19,5
3118000,4,95,2,0,10
3118201,18,139,3,3,2
3118202,7,163,3,4,2
3118400,43,206,25,18,3
3118600,47,144,7,12,1
3118800,37,256,12,6,1
3119000,4,127,11,11,0
3119200,53,193,17,13,5
3119400,6,332,6,7,2
3119600,39,430,14,6,3
3119800,83,231,11,17,12
3120000,22,204,2,3,6
3120200,42,143,7,5,6
3120800,138,426,45,11,4
3121000,12,25,1,0,2
3121400,5,13,0,0,0
3122000,130,614,39,33,4
3123700,37,200,6,8,4
3150200,41,371,14,1,4
3152200,48,391,16,7,14
4000100,52,346,27,11,0
4000200,16,191,0,8,5
4000400,55,129,19,3,6
4000600,28,195,7,6,1
4000700,105,447,39,26,16
4000800,15,215,0,3,6
4001000,10,145,1,0,3
4001200,45,236,6,3,8
4001400,66,233,7,3,22
4001600,11,155,2,4,10
4001800,11,157,1,4,8
4001900,93,357,27,12,10
4002000,18,198,2,1,7
4002200,20,244,4,12,5
4002400,17,139,6,6,8
4002500,32,107,0,2,4
4002600,13,149,3,3,2
4002800,31,225,5,3,6
4003000,17,129,4,0,4
4003100,17,103,11,1,2
4003200,18,105,6,2,5
4003300,70,318,13,11,8
4003400,32,196,13,8,2
4003600,28,156,6,0,6
4003700,20,69,5,1,0
4003800,26,136,7,6,3
4003900,4,40,4,5,8
4004001,16,200,4,7,4
4004002,21,76,10,5,3
4004200,35,165,6,5,3
4004300,3,76,3,1,0
4004401,48,303,6,10,17
4004500,24,196,8,3,6
4004700,6,102,3,0,1
4005000,2,53,1,1,1
4005100,17,115,3,2,2
4005200,11,126,2,0,4
4005300,31,187,6,2,7
4005400,74,646,11,11,30
4005500,25,150,5,4,1
4005700,36,220,3,3,10
4005800,56,935,21,17,31
4005900,18,148,6,2,6
4006100,33,171,6,4,6
4006201,8,340,1,0,1
4006202,64,522,6,10,30
4006300,55,209,9,3,20
4006501,11,116,4,1,1
4006502,29,210,7,4,7
4006900,29,181,13,12,2
4007100,29,174,3,6,4
4007300,17,131,7,3,5
4007500,8,124,4,2,4
4007700,31,95,8,6,2
4007900,27,110,8,3,6
4008100,16,65,9,1,5
4008300,20,207,9,7,2
4008500,16,74,5,3,1
4008600,75,317,13,10,17
4008700,5,47,3,2,3
4008800,44,378,3,3,19
4009100,22,102,11,7,0
4009400,25,89,5,5,7
4009500,72,166,18,1,8
4009600,51,188,8,6,8
4009700,64,197,14,5,5
4009800,23,68,7,3,6
4009900,26,126,7,3,5
4010000,20,243,5,3,7
4010100,41,209,5,5,8
4010200,38,173,7,3,15
4010300,38,271,3,6,6
4010400,13,122,1,6,6
4010500,27,300,13,4,3
4010600,21,119,7,2,3
4010701,19,132,7,5,4
4010800,30,113,12,4,8
4011000,14,125,6,6,5
4011100,21,189,7,2,4
4011200,27,78,12,4,3
4011300,57,171,10,10,7
4011400,8,33,1,1,3
4011500,62,135,3,3,7
4011600,14,144,4,2,2
4011700,31,129,6,2,12
4011800,43,115,23,1,7
4011900,14,128,6,3,0
4012000,21,165,7,12,6
4012100,21,220,5,2,5
4012200,22,283,11,3,9
4012301,95,601,29,14,24
4012400,24,180,9,5,18
4012500,14,95,3,1,5
4012601,25,103,2,3,6
4012602,12,148,4,0,7
4012800,33,198,9,4,10
4013000,32,261,9,3,8
4013200,40,226,12,5,14
4013400,33,154,11,2,3
4013500,23,198,11,1,5
4013600,42,136,10,4,3
4013700,17,128,6,2,8
4013800,59,156,22,7,9
4014000,44,258,20,2,4
4014100,20,93,7,1,9
4014201,28,229,4,3,2
4014202,34,232,16,24,8
4014300,20,135,2,5,3
4014400,19,189,9,3,6
4014500,21,118,7,1,3
4014700,25,190,1,10,11
4014800,19,147,7,4,6
4014900,30,171,9,1,4
4015000,31,116,15,3,15
4015100,21,155,6,1,7
4015200,39,57,4,4,9
4015300,20,101,6,1,4
4015400,42,68,7,4,11
4015500,15,171,7,11,8
4015600,37,121,17,6,6
4015700,20,130,3,4,1
4015801,49,184,10,13,3
4015802,54,157,15,5,3
4015900,35,202,10,5,1
4016100,6,93,5,0,4
4016300,22,176,6,2,8
4016400,20,109,3,2,5
4016600,33,154,2,6,9
4016800,18,232,6,1,11
4016900,120,368,21,6,7
4017000,22,154,1,8,8
4017100,16,103,5,4,4
4017200,20,91,6,2,5
4017400,31,132,4,2,8
4017600,19,151,6,12,8
4017800,25,130,5,4,17
4017900,120,256,30,15,5
4018000,8,100,4,0,6
4018101,21,112,4,1,6
4018102,38,125,4,4,2
4018200,9,168,2,1,6
4018300,67,274,19,6,2
4018401,53,172,6,0,16
4018402,15,159,6,4,4
4018501,18,115,6,3,4
4018502,28,120,7,4,0
4018600,13,180,1,2,13
4018700,38,152,5,0,1
4018800,13,219,2,3,11
4018900,23,177,22,3,4
4019000,20,197,8,7,22
4019200,17,237,10,4,13
4019400,29,393,4,4,12
4019600,16,312,7,6,8
4019800,39,306,17,12,8
4019900,44,109,22,5,3
4020200,42,128,3,1,4
4020400,38,240,12,4,4
4020500,37,155,4,6,2
4020600,28,162,5,4,8
4020800,31,268,16,12,5
4021200,42,132,10,13,11
4021400,21,191,12,7,9
4021600,94,171,49,15,21
4021900,29,52,5,2,0
4022001,70,398,13,4,7
4022002,60,339,17,15,12
4022900,23,91,4,2,3
4023000,23,230,9,3,3
4023200,37,330,10,12,16
4023500,34,217,26,8,15
4023600,26,157,6,5,3
4023800,21,156,6,7,2
4024000,76,272,31,12,11
4024300,74,568,9,6,23
4024500,52,273,15,5,20
4024600,52,99,24,12,2
4024700,12,62,1,0,2
4024900,53,215,21,6,9
4025100,44,231,5,3,2
4025301,49,185,11,2,3
4025302,20,104,6,4,4
4025400,49,510,19,18,14
4025500,26,152,6,2,2
4025700,11,113,2,1,4
4025800,42,86,5,6,4
4025900,28,184,9,3,5
4026000,16,231,8,3,3
4026100,63,262,15,5,5
4026200,16,122,2,2,4
4026300,28,184,3,0,4
4026400,41,216,9,4,18
4026500,5,115,3,1,3
4026600,24,204,4,6,10
4026700,16,102,7,2,5
4026901,12,87,8,4,4
4026902,14,49,5,5,1
4027000,18,110,3,1,15
4027100,21,93,3,3,5
4027200,20,233,7,8,4
4027300,72,282,13,6,9
4027400,8,217,4,2,4
4027500,58,247,16,7,11
4027600,18,94,6,13,3
4027700,59,217,20,6,11
4027800,6,179,0,10,4
4027900,29,238,4,0,10
4028000,23,207,4,5,2
4028100,51,222,16,2,15
4028200,23,93,5,1,6
4028300,47,282,8,0,6
4028400,31,363,7,4,12
4028500,38,266,17,1,6
4028700,40,247,14,5,9
4028800,150,699,58,13,30
4028900,45,274,11,7,7
4029100,67,284,19,11,10
4029300,36,68,4,1,0
4029400,94,803,42,31,50
4029500,22,147,5,2,2
4029700,36,201,21,6,21
4029900,10,19,1,0,1
4030600,97,823,18,34,17
4030902,101,442,29,16,16
4030903,93,423,28,16,12
4030904,94,390,40,7,13
4031700,82,755,28,7,40
4032000,132,958,25,20,16
4032700,36,210,12,5,7
4032800,49,366,7,5,15
4032900,71,437,25,15,14
4033000,67,"1,192",10,14,45
4033100,14,111,7,11,7
4033401,51,474,7,4,14
4033402,39,559,3,9,9
4033700,28,164,4,2,3
4033900,27,151,3,2,7
4034700,41,278,18,5,14
4035100,30,139,11,1,7
4035200,61,438,9,11,28
4035300,21,192,11,4,14
4035700,79,588,18,18,24
4035800,132,495,43,20,15
4036100,24,225,5,6,3
4036300,24,171,4,4,2
4036500,44,121,9,6,10
4036600,32,220,6,3,12
4036700,23,171,3,5,1
4036800,35,100,15,2,11
4037100,10,99,2,2,0
4037300,32,167,12,5,7
4037500,27,184,18,6,3
4037600,45,634,10,9,33
4037700,22,194,9,10,3
4037900,27,254,4,12,5
4038100,66,291,12,10,17
4038301,8,15,1,0,3
4038302,73,244,20,4,13
4038400,17,216,17,6,21
4039400,21,257,3,3,18
4039800,12,155,7,6,20
4039900,18,123,1,3,4
4040000,24,160,4,3,7
4040100,57,214,6,6,5
4040200,12,240,2,1,8
4040300,36,164,8,4,1
4040400,34,371,11,8,23
4040500,19,100,2,10,3
4040700,21,219,8,9,8
4040900,17,160,2,4,5
4041100,28,167,19,3,2
4041300,33,144,16,3,7
4041400,17,319,6,6,4
4041500,24,160,12,4,2
4042400,53,438,17,9,36
4042600,40,88,8,6,4
4042700,18,150,12,1,12
4043200,31,329,7,11,13
4043400,12,314,4,3,4
4043701,25,72,6,3,2
4043702,46,105,23,7,3
4043900,21,112,12,16,1
4044000,35,144,9,4,15
4044301,20,105,4,5,2
4044302,47,247,24,3,8
4044400,50,309,21,9,13
4044601,54,189,20,10,9
4044602,19,154,5,1,2
4044800,16,243,4,6,12
4045000,15,256,3,4,0
4045200,16,97,5,2,3
4045400,48,236,3,3,9
4045500,13,16,3,2,0
4045600,14,228,1,2,7
4045700,11,153,3,0,9
4045800,27,296,6,3,9
4045900,18,166,7,0,6
4046000,30,253,13,12,18
4046100,9,117,0,1,3
4046200,36,225,16,17,6
4046300,27,122,8,3,6
4046400,23,299,5,15,8
4046500,23,182,4,3,3
4046600,26,197,8,4,5
4046700,37,169,15,6,4
4046800,15,338,9,9,2
4046900,36,169,8,4,9
4047000,11,314,2,8,2
4047100,26,98,6,1,1
4047200,32,537,5,9,20
4047300,32,193,9,0,5
4047500,115,274,36,4,7
4047600,24,115,2,3,2
4047800,62,352,15,22,11
4047900,90,280,21,3,11
4048000,12,223,3,3,5
4048100,12,118,5,1,6
4048200,35,196,13,7,3
4048300,20,175,6,4,7
4048400,47,347,19,9,6
4048500,54,263,10,6,15
4048900,14,165,6,3,10
4049200,64,350,8,7,17
4049301,20,127,5,3,12
4049302,40,242,6,4,22
4049500,32,109,2,1,11
4049600,90,210,32,7,24
4049700,56,102,10,6,15
4049900,50,268,10,3,11
4050000,20,268,4,5,7
4050201,3,127,6,6,6
4050202,16,244,4,3,7
4050400,30,244,5,6,23
4050500,36,111,0,1,5
4050600,20,274,3,5,6
4050700,113,322,16,7,9
4050800,27,257,1,5,8
4051000,7,216,2,2,4
4051100,88,241,11,6,16
4051200,38,485,9,3,15
4051300,14,195,0,3,10
4051500,54,244,5,3,12
4051600,11,114,8,2,3
4051700,34,243,11,5,8
4051800,14,204,2,7,6
4052000,9,239,1,6,1
4052100,31,157,11,4,8
4052200,7,247,1,4,4
4052400,22,324,1,3,11
4052500,24,138,5,4,7
4052600,7,218,0,6,3
4052800,12,180,2,2,9
4053000,8,203,0,1,7
4053100,78,290,14,7,18
4053200,10,124,2,1,5
4053401,44,185,15,13,13
4053500,24,114,0,1,2
4053601,10,128,2,5,4
4053800,23,143,8,6,4
4053900,158,375,84,9,35
4054000,37,331,7,5,15
4054200,123,460,43,13,51
4054500,51,139,17,7,11
4054700,83,129,39,8,9
4054800,56,216,19,3,14
4054900,92,166,38,9,20
4055100,106,246,43,13,29
4055200,83,290,10,5,28
4055300,59,181,12,11,9
4055400,73,220,15,6,15
4055500,49,120,21,4,5
4055600,100,300,21,12,16
4055700,86,241,29,4,6
4055800,71,229,25,3,26
4055900,20,58,7,7,4
4056000,58,274,13,4,11
4056100,19,68,6,0,2
4056200,40,175,9,2,12
4056400,23,98,7,7,9
4056500,23,34,7,5,2
4056600,61,169,7,5,19
4056700,132,498,36,11,26
4056800,63,446,31,28,21
4057700,87,159,20,6,8
4057900,37,105,3,1,1
4058000,39,196,27,11,16
4058100,35,192,13,3,4
4058200,59,385,45,16,12
4058300,82,253,28,8,9
4058500,77,257,39,5,3
4058700,71,218,35,3,15
4058900,94,211,25,7,22
4059000,27,179,7,10,4
4059100,67,296,9,6,20
4059200,15,99,8,4,5
4059300,74,267,14,8,18
4059400,25,248,16,7,4
4059500,104,319,31,14,16
4059600,15,190,4,4,10
4059800,31,151,7,6,10
4059900,16,139,4,3,6
4060000,35,160,7,4,6
4060100,21,147,3,2,2
4060300,2,121,2,0,3
4060600,20,210,7,1,5
4060701,9,16,3,1,1
4060800,27,178,6,6,8
4061000,28,167,9,1,12
4061200,21,231,12,5,11
4061301,68,514,14,17,8
4061302,8,31,0,0,0
4061400,30,303,13,6,7
4061601,82,386,39,10,18
4061602,21,167,6,0,7
4061800,15,295,6,2,14
4061900,28,153,7,5,14
4062000,41,161,15,2,8
4062100,33,153,9,4,9
4062200,81,265,23,10,5
4062300,20,235,9,5,16
4062400,13,29,5,3,8
4062500,33,295,11,11,15
4062600,47,260,19,7,8
4062700,110,265,15,2,5
4062900,51,211,5,3,12
4063000,8,102,5,3,3
4063200,22,246,17,7,9
4063301,30,208,4,0,28
4063302,31,233,8,1,11
4063500,32,266,6,4,15
4063700,96,460,41,12,48
4063800,110,597,30,12,47
4063900,54,210,19,6,31
4064101,10,55,6,5,3
4064102,49,187,11,0,15
4064500,70,317,19,5,21
4064600,123,452,38,16,17
4065000,163,534,46,21,13
4065400,105,586,14,13,21
4065501,19,105,6,4,28
4065600,125,621,29,13,21
4065702,31,131,4,0,7
4065703,45,317,6,1,11
4065900,56,235,10,6,6
4066000,60,634,12,9,11
4066100,48,181,16,0,9
4066300,31,615,4,2,15
4066400,181,"1,818",56,20,27
4066501,79,327,9,5,16
4066701,78,260,1,6,18
4066900,47,151,1,3,11
4067100,33,363,4,2,16
4067700,14,359,10,2,11
4067900,27,282,6,2,16
4068000,75,542,40,8,23
4068200,27,166,6,1,9
4068300,60,150,5,2,16
4068700,37,199,11,5,16
4069000,46,442,8,10,9
4069300,32,89,13,2,6
4069400,45,304,12,8,9
4069500,32,173,4,2,8
4069701,27,86,4,4,7
4069702,112,721,17,10,27
4070300,30,237,10,2,7
4070700,59,322,3,0,15
4070900,73,349,17,4,25
4071100,63,321,13,2,13
4071303,28,183,17,3,2
4071304,51,135,18,5,7
4071305,26,120,6,2,4
4071306,41,120,10,4,20
4071600,0,40,0,0,0
4071701,49,179,19,4,5
4071702,18,178,5,2,14
4071900,58,123,12,6,17
4072100,73,192,17,4,13
4072300,68,570,8,3,10
4072900,46,335,8,1,14
4073100,43,332,7,3,25
4073700,26,195,2,2,3
4073900,65,297,13,6,7
4074100,36,268,6,2,10
4074300,35,261,2,12,7
4074500,45,101,6,2,5
4074700,49,294,5,4,12
4074900,3,83,0,0,3
4075701,43,213,21,2,14
4075702,84,557,16,13,18
4076901,23,140,7,6,7
4076902,20,135,3,1,7
4077300,44,173,10,2,8
4077500,72,370,7,1,8
4077902,65,843,23,8,20
4077903,48,311,6,4,10
4077904,83,581,21,10,16
4077905,39,128,3,4,5
4077906,24,420,5,4,3
4077907,26,312,10,13,7
4077908,15,203,5,4,1
4078800,17,90,1,1,1
4079000,36,326,5,4,18
4079200,54,403,6,8,18
4079300,2,39,0,0,0
4079701,5,57,4,4,5
4079702,43,137,5,4,6
4079900,62,250,16,7,20
4080301,43,229,10,11,18
4080302,52,523,9,7,18
4080900,173,788,30,23,28
4081400,86,371,12,3,18
4081800,60,414,17,4,19
4083700,119,780,53,13,30
4083800,73,701,45,5,27
4084000,65,616,26,18,22
4084500,35,172,2,4,16
4084601,92,591,17,8,15
4084602,53,166,11,13,13
4084900,39,140,3,5,5
4085300,23,142,9,3,7
4085500,18,123,7,8,2
4085700,8,102,6,4,4
4085900,34,183,7,3,9
4086100,5,172,1,0,11
4086300,18,136,7,4,1
4086400,47,225,10,6,6
4086500,57,128,11,4,3
4086900,70,202,14,10,3
4087100,49,102,17,10,8
4088400,224,904,55,50,35
4088901,113,638,25,6,24
4089200,412,"1,721",123,76,67
4090700,288,438,43,19,22
4091601,8,0,16,6,0
4091800,2,2,9,0,1
4091900,81,372,13,3,38
4092200,319,592,146,39,85
4092500,105,276,21,2,17
4092800,187,581,88,37,119
4092900,128,466,17,8,19
4093401,137,391,57,12,39
4093402,64,171,15,10,28
4093800,113,158,67,18,5
4093900,182,558,35,15,18
4094201,30,113,7,3,1
4094202,72,280,66,21,6
4094203,80,93,66,21,0
4094500,110,"1,272",31,37,38
4094700,52,213,6,5,8
4095400,241,452,106,25,36
4096400,145,397,68,25,34
4097202,42,22,0,1,0
4097203,91,101,27,18,7
4097204,53,211,21,20,11
4097300,32,677,8,15,11
4098100,54,525,11,17,19
4098700,83,735,15,14,19
4099100,82,"1,327",20,19,28
4099200,90,161,47,22,29
4099701,138,611,36,12,25
4099703,67,157,13,1,6
4099704,78,278,10,5,12
4099705,25,137,13,3,10
4099801,82,214,16,9,6
4099802,78,48,14,13,0
4100801,65,451,26,13,41
4100802,207,693,51,22,38
4101001,216,551,42,17,11
4101002,203,569,71,34,17
4101700,133,"1,054",38,8,33
4102900,45,528,10,10,16
4103201,51,241,7,3,15
4103202,165,621,29,13,9
4103300,89,694,21,15,36
4103900,74,805,8,14,59
4104700,98,"1,016",24,13,46
4105900,122,"1,058",29,14,30
4107201,82,165,34,11,27
4107202,87,90,73,3,83
4108500,50,492,6,10,21
4109300,156,737,13,5,23
4109700,45,455,11,5,20
4109900,76,373,40,6,17
4111300,87,508,17,6,19
4112300,81,275,14,10,9
4112900,58,525,30,7,21
4113300,62,283,32,7,11
4113900,67,559,26,5,5
4114100,64,730,12,6,32
4114700,50,414,15,2,4
4115100,49,373,10,4,8
4115500,18,249,4,5,9
4115700,40,395,1,8,13
4115900,33,307,16,5,8
4116100,47,122,13,0,10
4116300,29,199,9,2,11
4116700,12,208,4,4,4
4117100,24,407,5,11,9
4117500,41,606,6,7,18
4118100,20,226,6,2,4
4118500,13,157,3,6,8
4118700,14,227,1,0,12
4118900,14,246,2,4,13
4119100,29,174,9,2,6
4119300,18,225,6,4,7
4119500,22,227,6,2,3
4119900,26,194,10,6,9
4120100,24,106,11,1,7
4120300,47,305,15,5,13
4120500,28,111,9,2,1
4120700,53,438,18,11,24
4121100,18,186,5,3,19
4121500,99,427,29,14,25
4122300,113,736,17,4,9
4122701,159,630,20,10,14
4122702,58,309,7,7,10
4124100,79,951,16,6,16
4124700,83,642,22,9,12
4125700,84,639,17,4,7
4126500,55,221,12,7,13
4126700,145,460,31,16,19
4127700,255,"1,206",52,32,59
4128300,71,263,36,10,19
4129102,151,"1,106",49,24,45
4129103,40,340,9,13,9
4129104,51,728,14,5,23
4130100,312,548,43,12,39
4133300,145,855,22,8,30
4133900,28,99,5,11,8
4134100,114,658,33,4,23
4134700,94,504,14,8,24
4136700,88,"1,038",24,10,37
4137700,67,764,18,16,39
4138501,296,712,74,17,42
4138502,25,77,9,7,4
4139900,75,308,17,11,18
4140300,61,439,10,5,16
4140901,24,281,14,5,11
4140902,85,768,42,13,34
4141700,133,"1,329",50,17,51
4142900,120,665,34,7,20
4143500,29,370,14,2,8
4144100,133,477,20,6,15
4144700,102,561,7,8,12
4145101,34,345,8,1,10
4145102,61,364,15,10,15
4145900,32,486,5,9,15
4146300,57,411,37,4,18
4146700,90,421,36,3,26
4147100,76,513,18,6,14
4147900,194,757,46,12,28
4148300,370,"1,243",115,21,57
4150701,140,"1,170",24,16,33
4150702,125,867,26,10,29
4152901,62,735,17,13,21
4152902,130,908,37,15,25
4155101,1,24,1,0,13
4155102,308,"1,086",128,21,29
4156700,107,226,32,23,18
4157101,260,"1,684",64,20,70
4157102,63,323,5,4,24
4157901,190,"1,735",35,15,46
4157902,243,"1,376",30,14,44
4157903,88,"1,184",14,24,61
4161700,155,833,44,10,42
4162100,343,968,61,13,54
5000300,47,161,23,18,15
5000600,52,172,15,11,5
5000700,92,339,38,7,22
5000800,101,778,27,29,12
5000900,33,208,9,13,6
5001100,69,450,16,22,6
5001700,53,167,17,21,9
5001800,0,2,0,0,0
5002001,50,273,12,2,5
5002002,56,418,18,8,7
5002100,170,495,61,34,20
5002700,44,198,14,9,13
5002900,60,446,10,19,9
5003300,75,241,23,5,10
5003600,39,367,4,10,2
5003900,56,266,6,3,3
5004000,122,"1,144",35,24,9
5004700,53,414,7,4,9
5005000,50,455,19,5,7
5005900,100,443,15,10,8
5006400,114,555,17,5,10
5006700,35,845,9,1,9
5007000,183,"1,249",62,17,31
5007400,63,305,13,3,4
5007500,46,237,5,10,2
5007700,13,181,6,11,0
5008100,54,525,27,14,5
5009601,126,770,21,8,2
5009602,20,729,14,5,7
5009700,20,502,9,10,5
5010500,57,722,12,25,6
5011201,180,895,68,34,35
5011202,166,914,52,20,25
5011401,54,424,10,2,6
5011402,113,394,10,14,10
5012100,75,832,11,10,14
5012200,118,"1,290",31,4,13
5012500,17,316,4,4,5
5012804,137,546,27,11,11
5012805,124,400,22,26,9
5012806,106,832,35,24,14
5013201,86,447,15,8,8
5013203,134,"1,056",61,13,21
5013204,246,"1,128",45,20,37
5013301,2,22,0,0,0
5013302,40,241,21,22,4
5013400,146,"1,368",27,9,8
5013800,336,"1,587",51,29,28
5014100,24,243,4,20,5
5014604,325,"1,274",94,44,59
5014605,268,996,48,31,25
5014606,226,879,62,51,32
5014607,257,786,83,23,39
5014608,260,473,64,12,21
5014700,107,583,8,4,12
5015100,44,"1,054",10,6,10
5015601,268,"1,539",61,21,52
5015602,160,"1,588",46,20,33
5015603,96,928,29,11,12
5016901,44,448,18,3,7
5017005,517,"1,604",211,41,29
5017007,46,535,23,11,17
5017008,354,"1,532",137,40,33
5017009,173,"1,717",46,22,39
5017010,333,"1,759",74,24,79
5017011,495,703,134,17,54
5017012,270,"1,029",93,25,43
5017300,88,295,28,8,6
5017600,562,"2,446",135,49,53
5017700,166,979,54,25,19
5018100,80,353,17,11,9
5018701,25,140,7,2,4
5018702,132,"1,227",43,26,15
5018901,98,"1,262",28,22,13
5018902,73,793,33,19,8
5019700,19,328,5,5,4
5019800,362,"2,002",181,45,30
5020100,56,547,13,13,5
5020700,36,446,18,9,11
5020801,391,"3,143",86,28,127
5020803,350,"2,121",137,47,94
5020804,266,"2,297",48,20,92
5021300,58,575,29,7,6
5022300,22,198,21,9,10
5022600,381,"1,770",161,70,70
5022800,69,100,31,23,3
5023100,136,446,22,27,12
5023900,131,287,63,18,5
5024401,197,"2,044",83,29,39
5024402,322,"1,457",81,6,35
5024700,38,299,10,8,6
5024800,96,"1,294",24,16,38
5025100,83,"1,362",41,41,10
5027301,112,745,34,27,4
5027302,32,715,3,3,11
5027702,209,413,60,27,7
5027704,155,416,30,15,9
5027705,361,397,85,38,5
5027706,150,322,37,18,2
5027900,60,333,13,1,9
5029102,164,493,55,22,18
5029103,264,"1,263",46,27,36
5029104,134,"1,064",56,22,18
5030301,14,523,16,3,16
5030302,63,637,30,24,15
5031901,37,335,12,6,3
5031902,115,315,49,13,19
5032300,28,68,14,2,2
